                  epoch,           train/box_om,           train/cls_om,           train/dfl_om,           train/box_oo,           train/cls_oo,           train/dfl_oo,   metrics/precision(B),      metrics/recall(B),       metrics/mAP50(B),    metrics/mAP50-95(B),             val/box_om,             val/cls_om,             val/dfl_om,             val/box_oo,             val/cls_oo,             val/dfl_oo,                 lr/pg0,                 lr/pg1,                 lr/pg2
                      1,                 1.4225,                 3.0559,                 1.7097,                 1.3086,                 7.6358,                 1.6011,                0.33054,                0.39506,                0.26865,                0.13007,                 1.3742,                 2.7326,                 1.6282,                 1.3065,                 3.9094,                 1.5805,                 0.0829,                 0.0019,                 0.0019
                      2,                 1.2285,                 1.6774,                 1.5535,                 1.2137,                 2.5491,                 1.4857,                0.70757,                0.47737,                0.48625,                0.32226,                 1.1528,                 1.5367,                  1.372,                 1.1783,                 2.1789,                 1.3525,               0.064874,              0.0038743,              0.0038743
                      3,                 1.1587,                 1.3602,                 1.4733,                  1.219,                 1.6322,                 1.4753,                0.57902,                 0.5144,                0.50015,                0.26518,                 1.5382,                 1.7073,                 1.6618,                 1.5416,                 2.0903,                 1.6484,               0.046822,              0.0058221,              0.0058221
                      4,                 1.1762,                 1.3646,                 1.4321,                 1.2301,                 1.5403,                 1.4286,                0.50385,                0.44033,                0.40076,                0.19544,                 1.5272,                 2.0225,                 1.7075,                 1.5158,                 2.3112,                 1.6702,               0.028744,              0.0077436,              0.0077436
                      5,                 1.2134,                 1.3918,                 1.4928,                 1.3084,                 1.4474,                 1.4895,                0.57273,                0.46502,                0.42519,                0.20684,                 1.7116,                 1.8139,                 1.8828,                 1.7929,                 2.0027,                 1.8653,               0.010639,              0.0096386,              0.0096386
                      6,                 1.2317,                 1.3267,                 1.4501,                 1.3549,                 1.3966,                 1.4916,                0.43098,                0.39506,                0.32169,                0.14599,                 1.7692,                  3.609,                  1.884,                 1.8064,                 3.6722,                 1.8893,                0.00967,                0.00967,                0.00967
                      7,                 1.3628,                 1.4226,                  1.574,                 1.4407,                 1.5359,                 1.5627,                0.37006,                 0.4321,                 0.3298,                0.15855,                 1.8334,                 2.5768,                 2.0614,                 1.8161,                 2.6605,                 1.9005,                0.00967,                0.00967,                0.00967
                      8,                 1.3537,                 1.3185,                 1.5173,                 1.4513,                 1.4739,                 1.5365,                0.57255,                0.39918,                0.37986,                0.15817,                 2.0268,                 2.4118,                 2.2014,                  2.114,                 2.6073,                  2.189,               0.009604,               0.009604,               0.009604
                      9,                 1.3631,                 1.3223,                 1.5063,                 1.4637,                 1.5268,                 1.5287,                0.32323,                0.29218,                0.20563,                0.08571,                 2.1794,                 3.0213,                 2.3529,                 2.0992,                  3.008,                 2.2456,               0.009538,               0.009538,               0.009538
                     10,                 1.3076,                 1.2312,                  1.492,                 1.3783,                 1.3819,                 1.5296,                0.47587,                0.34979,                0.30185,                0.13433,                 1.9818,                  2.489,                 2.1412,                 1.9999,                 2.8013,                 2.0444,               0.009472,               0.009472,               0.009472
                     11,                 1.3869,                 1.3212,                 1.5466,                  1.516,                 1.4679,                 1.6065,                 0.3504,                0.31276,                0.21574,                0.08579,                 2.2663,                 2.5363,                 2.8147,                 2.1608,                 2.9653,                 2.6602,               0.009406,               0.009406,               0.009406
                     12,                  1.385,                 1.3134,                 1.5387,                 1.4906,                 1.4753,                 1.5792,                0.42224,                0.30864,                0.26986,                0.11849,                 2.1302,                 2.8019,                  2.459,                 2.1412,                 3.4818,                 2.4017,                0.00934,                0.00934,                0.00934
                     13,                 1.3624,                 1.2847,                 1.5527,                 1.5114,                 1.4711,                  1.604,                0.40367,                0.34568,                0.28958,                0.12166,                 2.1298,                 2.5735,                 2.2219,                 2.2433,                 2.7989,                 2.2831,               0.009274,               0.009274,               0.009274
                     14,                 1.3584,                 1.3036,                 1.5351,                 1.4545,                 1.4977,                 1.5649,                0.49552,                0.44856,                 0.4122,                0.17652,                 1.9598,                 2.3128,                 2.1297,                 1.9459,                 2.6474,                 2.1173,               0.009208,               0.009208,               0.009208
                     15,                  1.396,                 1.3068,                  1.576,                  1.526,                 1.4475,                 1.6248,                0.48794,                0.37449,                0.37211,                0.18958,                 1.7603,                 2.7307,                 1.9061,                 1.8846,                 2.7103,                 1.9887,               0.009142,               0.009142,               0.009142
                     16,                  1.301,                 1.2232,                 1.4987,                 1.4337,                 1.3439,                  1.532,                0.49154,                 0.4321,                0.38904,                0.19445,                 1.8824,                 2.0326,                 1.9956,                  1.994,                 2.1614,                 2.0986,               0.009076,               0.009076,               0.009076
                     17,                 1.3059,                 1.2409,                 1.4917,                 1.4301,                 1.4262,                 1.5218,                0.47118,                0.34835,                0.29308,                0.12118,                  2.134,                 2.5235,                 2.1968,                 2.2401,                 2.9132,                  2.197,                0.00901,                0.00901,                0.00901
                     18,                 1.2026,                 1.1027,                   1.45,                 1.3255,                 1.2654,                 1.4912,                0.53003,                0.46914,                0.40455,                 0.1994,                 1.8572,                 2.0122,                 1.9492,                 1.9253,                 2.3698,                 1.9252,               0.008944,               0.008944,               0.008944
                     19,                 1.2553,                 1.2081,                 1.4817,                 1.4082,                 1.3274,                 1.5354,                0.46936,                 0.4368,                0.37551,                0.16368,                 1.8754,                 2.1397,                 2.0919,                 1.9658,                 2.3906,                 2.0157,               0.008878,               0.008878,               0.008878
                     20,                 1.2812,                 1.2038,                 1.4917,                  1.431,                 1.3653,                 1.5444,                0.40026,                0.40647,                0.31242,                0.14019,                 2.0443,                 2.5963,                 2.1977,                 2.0293,                 3.0076,                 2.1643,               0.008812,               0.008812,               0.008812
                     21,                 1.2916,                 1.1841,                 1.4992,                 1.4695,                 1.3642,                 1.5516,                0.61525,                0.43433,                0.42825,                0.19327,                 1.7997,                 2.0013,                 1.9784,                 1.9036,                 2.2186,                 2.0085,               0.008746,               0.008746,               0.008746
                     22,                 1.2846,                 1.1836,                 1.4877,                 1.4189,                 1.3281,                  1.539,                0.55234,                0.46914,                0.43819,                0.18991,                 1.8941,                 1.7904,                 2.0324,                  1.869,                 2.0051,                 1.9132,                0.00868,                0.00868,                0.00868
                     23,                 1.2348,                 1.1791,                 1.4443,                 1.3844,                 1.3573,                 1.5132,                 0.5244,                0.46091,                0.47096,                0.22524,                 1.7431,                 1.7845,                 1.9195,                 1.8615,                 1.8151,                  1.891,               0.008614,               0.008614,               0.008614
                     24,                 1.2328,                 1.1316,                 1.4484,                 1.3863,                 1.2676,                 1.5043,                0.60065,                0.48897,                0.50977,                0.25563,                 1.7676,                 1.5979,                 1.9333,                 1.8495,                 1.7959,                 1.8919,               0.008548,               0.008548,               0.008548
                     25,                 1.1462,                 1.0542,                 1.3888,                 1.2768,                 1.1943,                 1.4488,                 0.5007,                0.55144,                0.46445,                0.23127,                 1.7346,                 2.0786,                 1.8759,                 1.7855,                 2.3268,                 1.8953,               0.008482,               0.008482,               0.008482
                     26,                 1.2118,                 1.1385,                 1.4353,                 1.3674,                 1.2724,                 1.4991,                0.43291,                 0.4856,                0.41841,                0.17198,                 1.9615,                 2.0789,                 2.0595,                 2.0499,                 2.3955,                 2.0463,               0.008416,               0.008416,               0.008416
                     27,                 1.1951,                 1.1241,                 1.4363,                  1.355,                 1.2755,                 1.5043,                0.59727,                0.48215,                0.45954,                0.22834,                 1.7544,                 2.0504,                 1.9003,                 1.6854,                 2.3535,                 1.8354,                0.00835,                0.00835,                0.00835
                     28,                 1.1774,                 1.0325,                 1.4032,                 1.3162,                 1.1826,                 1.4639,                0.60584,                0.50617,                0.50824,                0.28124,                 1.6746,                 1.6264,                 1.7544,                  1.788,                 1.9379,                 1.8506,               0.008284,               0.008284,               0.008284
                     29,                 1.1507,                  1.009,                 1.3729,                 1.3013,                  1.137,                 1.4382,                0.51362,                0.51279,                0.46379,                 0.2343,                 1.6703,                 1.7412,                  1.749,                 1.7616,                 2.3473,                 1.8087,               0.008218,               0.008218,               0.008218
                     30,                  1.107,                 0.9741,                 1.3711,                 1.2315,                 1.1043,                 1.4201,                0.51029,                0.46914,                0.44193,                 0.2321,                 1.5809,                 1.7014,                  1.784,                  1.802,                 1.9872,                 1.8739,               0.008152,               0.008152,               0.008152
                     31,                 1.1102,                0.96343,                 1.3601,                 1.2357,                  1.052,                  1.407,                0.65903,                0.51852,                0.56794,                0.29462,                 1.6199,                 1.4914,                 1.7458,                 1.7718,                 1.6988,                 1.8051,               0.008086,               0.008086,               0.008086
                     32,                 1.0885,                0.96219,                 1.3319,                 1.2544,                 1.0678,                 1.4084,                0.62843,                0.53909,                0.53852,                0.29749,                 1.5499,                  1.618,                 1.6669,                 1.7149,                 1.8249,                 1.7631,                0.00802,                0.00802,                0.00802
                     33,                 1.0717,                 0.8812,                 1.3401,                 1.2138,                0.96209,                 1.4063,                0.63233,                0.51852,                0.54087,                0.28171,                 1.7278,                 1.5423,                 1.8668,                 1.9044,                 1.6916,                 1.8643,               0.007954,               0.007954,               0.007954
                     34,                 1.1162,                0.94898,                 1.3589,                  1.286,                 1.0213,                 1.4447,                0.65108,                0.58025,                  0.559,                0.29376,                 1.6691,                 1.4537,                 1.8043,                  1.767,                 1.6304,                  1.831,               0.007888,               0.007888,               0.007888
                     35,                 1.0375,                0.85697,                 1.3031,                 1.2115,                0.93396,                  1.377,                0.64954,                0.58025,                0.59005,                 0.3121,                 1.6305,                 1.4021,                 1.8331,                 1.7273,                 1.6737,                 1.8307,               0.007822,               0.007822,               0.007822
                     36,                 1.0806,                0.86197,                 1.3296,                 1.2424,                0.93504,                 1.3868,                0.64529,                0.58025,                0.60929,                0.33977,                 1.6755,                 1.3896,                  1.816,                 1.7445,                 1.5684,                 1.8304,               0.007756,               0.007756,               0.007756
                     37,                 1.0446,                0.86572,                 1.3139,                 1.1791,                0.95466,                 1.3637,                0.70576,                0.54321,                0.55445,                 0.2713,                 1.7851,                 1.4302,                 1.8919,                 1.7985,                 1.6087,                 1.8575,                0.00769,                0.00769,                0.00769
                     38,                 1.0708,                0.89028,                 1.3115,                 1.2305,                0.97993,                 1.3655,                0.74099,                0.49447,                0.56938,                0.27747,                 1.6321,                   1.39,                 1.7511,                 1.7419,                 1.6842,                 1.8142,               0.007624,               0.007624,               0.007624
                     39,                 1.0818,                0.88189,                 1.3174,                 1.2094,                0.97804,                 1.3726,                0.72861,                0.49794,                0.54838,                 0.2755,                 1.6167,                 1.4802,                 1.6879,                 1.6137,                 1.6958,                 1.7154,               0.007558,               0.007558,               0.007558
                     40,                 1.0525,                0.88773,                 1.3074,                 1.1718,                0.97775,                 1.3715,                0.70118,                0.55041,                 0.5614,                0.29256,                 1.6531,                 1.4916,                 1.7651,                 1.8386,                 1.7459,                 1.7974,               0.007492,               0.007492,               0.007492
                     41,                 1.0736,                0.91368,                 1.2969,                 1.1989,                0.99776,                 1.3538,                0.66193,                0.50206,                0.54589,                0.27347,                 1.5995,                 1.3504,                 1.7049,                 1.7048,                 1.6081,                 1.7348,               0.007426,               0.007426,               0.007426
                     42,                 1.0191,                0.84487,                 1.2646,                 1.1642,                0.93175,                 1.3247,                0.74424,                0.57202,                0.59037,                 0.2933,                 1.5471,                  1.456,                 1.6838,                 1.6545,                 1.8282,                 1.7434,                0.00736,                0.00736,                0.00736
                     43,                  1.028,                0.83245,                 1.2928,                 1.1674,                0.90754,                  1.342,                0.63865,                0.60082,                0.57914,                0.31686,                  1.521,                 1.2641,                 1.6546,                  1.617,                 1.5635,                 1.6572,               0.007294,               0.007294,               0.007294
                     44,                0.99452,                0.81132,                 1.2589,                 1.1364,                0.92096,                 1.3047,                0.69257,                0.55623,                0.59642,                0.31672,                 1.5329,                 1.4103,                 1.6555,                 1.6712,                 1.7194,                 1.6851,               0.007228,               0.007228,               0.007228
                     45,                0.99205,                0.80652,                  1.235,                 1.1142,                0.92565,                 1.2684,                0.67734,                0.53498,                0.56457,                0.31923,                  1.635,                  1.574,                 1.7832,                  1.622,                 1.9636,                 1.7399,               0.007162,               0.007162,               0.007162
                     46,                 1.0086,                 0.8374,                 1.2898,                 1.1295,                0.95208,                 1.3267,                0.63933,                0.56379,                0.56427,                0.29962,                 1.7752,                 1.5497,                 2.0073,                 1.7728,                 1.7819,                 1.8463,               0.007096,               0.007096,               0.007096
                     47,                 0.9601,                0.76987,                 1.2274,                 1.0856,                0.86317,                 1.2699,                0.52049,                0.42882,                0.39699,                0.21006,                 1.8069,                  1.964,                 2.0663,                 1.8265,                 2.3677,                 2.0478,                0.00703,                0.00703,                0.00703
                     48,                0.94307,                0.77605,                 1.2359,                 1.0881,                0.84653,                 1.2917,                0.63672,                0.56379,                0.58695,                0.33389,                 1.5749,                 1.5155,                 1.7487,                 1.6526,                 1.8288,                 1.7601,               0.006964,               0.006964,               0.006964
                     49,                0.96059,                 0.7555,                 1.2356,                 1.0927,                 0.8067,                 1.2783,                 0.7261,                0.53909,                0.56541,                0.31245,                 1.7446,                 1.5043,                 1.8272,                 1.7382,                 1.8487,                  1.747,               0.006898,               0.006898,               0.006898
                     50,                0.93922,                0.74614,                 1.2155,                 1.0879,                0.79301,                 1.2781,                0.64499,                0.59259,                0.59864,                 0.3225,                 1.6655,                 1.4605,                 1.7386,                 1.6941,                 1.7237,                 1.7155,               0.006832,               0.006832,               0.006832
                     51,                0.97351,                0.81734,                 1.2422,                 1.1137,                  0.917,                 1.2846,                 0.7108,                 0.5679,                0.63553,                0.33501,                 1.5369,                 1.2723,                  1.644,                 1.6156,                 1.4121,                 1.6546,               0.006766,               0.006766,               0.006766
                     52,                0.92969,                0.75965,                 1.2163,                 1.0613,                0.83704,                  1.256,                 0.7045,                0.59847,                0.61202,                0.32699,                 1.6113,                 1.3781,                 1.7455,                 1.5908,                 1.6697,                 1.6981,                 0.0067,                 0.0067,                 0.0067
                     53,                 0.9383,                0.74662,                 1.2183,                 1.0604,                0.81972,                  1.255,                0.71931,                0.61317,                0.60012,                0.32672,                 1.6127,                 1.4203,                 1.7509,                 1.6603,                 1.8384,                 1.7558,               0.006634,               0.006634,               0.006634
                     54,                 0.9316,                0.75337,                 1.2129,                 1.0477,                0.83135,                 1.2539,                0.65409,                 0.5525,                0.56397,                0.29223,                 1.6442,                 1.5621,                  1.775,                 1.6897,                 1.9682,                 1.7702,               0.006568,               0.006568,               0.006568
                     55,                0.89464,                0.74516,                 1.2204,                 1.0211,                0.82538,                 1.2739,                 0.6949,                0.57613,                0.60149,                0.29995,                 1.6863,                 1.5974,                 1.8011,                 1.8754,                 1.8607,                 1.8878,               0.006502,               0.006502,               0.006502
                     56,                0.91723,                 0.7052,                  1.197,                 1.0431,                0.76406,                 1.2415,                0.74088,                0.60007,                0.63016,                 0.3349,                 1.5635,                 1.3745,                 1.6796,                 1.7456,                 1.5955,                 1.7229,               0.006436,               0.006436,               0.006436
                     57,                0.91415,                0.70803,                 1.2072,                 1.0233,                0.73804,                 1.2501,                 0.6697,                0.58436,                0.59795,                0.33059,                 1.6151,                 1.5536,                 1.6807,                 1.7388,                 1.7619,                 1.7186,                0.00637,                0.00637,                0.00637
                     58,                0.89958,                 0.6944,                 1.1733,                 1.0236,                 0.7504,                 1.2146,                0.72175,                0.55556,                0.57991,                0.33257,                 1.4655,                 1.3728,                  1.607,                 1.5836,                 1.6415,                 1.6273,               0.006304,               0.006304,               0.006304
                     59,                0.83058,                0.65845,                 1.1649,                0.95501,                0.68579,                 1.2022,                0.66131,                0.58436,                0.60428,                0.34959,                 1.4805,                 1.3786,                 1.5929,                 1.5946,                 1.5794,                 1.6281,               0.006238,               0.006238,               0.006238
                     60,                0.86379,                 0.6666,                 1.1972,                0.99949,                0.72346,                 1.2457,                 0.8063,                0.46914,                0.60316,                0.34491,                 1.5576,                 1.4238,                 1.7388,                 1.6355,                 1.9126,                 1.7156,               0.006172,               0.006172,               0.006172
                     61,                0.84243,                0.68202,                 1.1719,                0.97704,                0.76419,                 1.2213,                0.64152,                0.61317,                0.58074,                0.32645,                 1.5988,                 1.5142,                 1.7327,                 1.6981,                 1.7876,                 1.7625,               0.006106,               0.006106,               0.006106
                     62,                0.87724,                0.67128,                 1.1796,                  1.008,                0.71944,                 1.2215,                0.75677,                0.55057,                0.60564,                0.34811,                 1.5343,                 1.4031,                 1.6554,                 1.7345,                 1.7327,                 1.7318,                0.00604,                0.00604,                0.00604
                     63,                0.86956,                0.68695,                 1.1962,                 1.0176,                 0.7333,                 1.2482,                0.74578,                0.56379,                0.60025,                0.33349,                   1.66,                 1.4536,                 1.8152,                 1.7989,                 1.7755,                 1.8593,               0.005974,               0.005974,               0.005974
                     64,                0.86242,                0.66177,                  1.174,                0.98923,                0.70769,                 1.2145,                0.71223,                0.56379,                0.58187,                0.33916,                 1.5176,                 1.5441,                 1.6941,                 1.6587,                 1.9522,                 1.7031,               0.005908,               0.005908,               0.005908
                     65,                0.84546,                0.69708,                 1.2013,                0.96584,                0.75679,                 1.2389,                0.66401,                0.58557,                0.56898,                0.30486,                 1.6422,                 1.4256,                 1.7893,                 1.7988,                 1.8878,                 1.8111,               0.005842,               0.005842,               0.005842
                     66,                0.82015,                0.65561,                 1.1549,                0.94485,                0.71735,                 1.1965,                0.72966,                0.54427,                0.56485,                0.31879,                 1.5771,                 1.4233,                 1.7531,                 1.7279,                 1.6944,                 1.7788,               0.005776,               0.005776,               0.005776
                     67,                0.84197,                0.63317,                 1.1632,                0.95043,                0.64988,                 1.1924,                0.64312,                0.61317,                0.58534,                0.32363,                 1.6037,                 1.5219,                   1.76,                 1.7048,                 1.8364,                 1.7477,                0.00571,                0.00571,                0.00571
                     68,                0.84107,                 0.6753,                 1.1679,                0.95151,                  0.725,                 1.2049,                0.66384,                0.60082,                0.58031,                0.31943,                 1.5324,                  1.368,                 1.7085,                 1.6655,                 1.5928,                  1.702,               0.005644,               0.005644,               0.005644
                     69,                0.77914,                0.64072,                 1.1385,                0.89689,                  0.672,                 1.1854,                0.69514,                 0.5679,                 0.6003,                0.32183,                 1.5291,                 1.3746,                 1.7084,                 1.6042,                 1.5438,                 1.6891,               0.005578,               0.005578,               0.005578
                     70,                0.80206,                0.61058,                 1.1468,                0.91418,                0.65871,                 1.1995,                 0.7156,                0.53909,                0.58999,                0.31792,                 1.4937,                 1.3682,                 1.6964,                 1.5841,                 1.5648,                  1.695,               0.005512,               0.005512,               0.005512
                     71,                0.76192,                0.58654,                 1.1348,                0.86903,                0.64695,                 1.1804,                0.64289,                0.55144,                 0.5587,                0.29771,                 1.7039,                 1.5979,                 1.8623,                 1.8463,                 1.9199,                 1.8774,               0.005446,               0.005446,               0.005446
                     72,                0.78316,                0.60001,                  1.139,                0.91067,                0.65154,                 1.1936,                0.70621,                0.58025,                0.60266,                0.32931,                 1.5637,                 1.5603,                 1.7878,                 1.6999,                 1.8181,                 1.8183,                0.00538,                0.00538,                0.00538
                     73,                0.79919,                0.64509,                 1.1432,                0.90593,                0.69999,                 1.1853,                 0.5896,                0.60905,                0.58508,                0.30292,                  1.583,                 1.4035,                 1.7342,                 1.6732,                 1.7546,                 1.7524,               0.005314,               0.005314,               0.005314
                     74,                   0.79,                0.60285,                 1.1603,                0.94146,                0.66402,                 1.2171,                0.71636,                 0.6214,                0.64696,                0.34106,                 1.5824,                 1.3495,                 1.7823,                 1.6178,                   1.71,                 1.7566,               0.005248,               0.005248,               0.005248
                     75,                0.77692,                0.61852,                  1.131,                0.91878,                0.68791,                 1.1901,                0.70257,                 0.5679,                 0.6351,                0.34036,                 1.5444,                  1.246,                 1.7284,                 1.6159,                  1.571,                 1.7133,               0.005182,               0.005182,               0.005182
                     76,                0.73665,                0.56929,                 1.1199,                0.83394,                0.60198,                 1.1561,                 0.7412,                 0.6214,                0.62746,                0.33809,                 1.6162,                  1.379,                  1.772,                 1.6638,                 1.6613,                 1.7649,               0.005116,               0.005116,               0.005116
                     77,                0.76703,                0.57543,                 1.1308,                0.86837,                0.61965,                 1.1693,                0.69346,                0.51029,                0.52622,                0.28242,                 1.6853,                 1.6594,                 1.8556,                 1.7328,                 1.8995,                 1.8135,                0.00505,                0.00505,                0.00505
                     78,                0.75384,                0.58933,                 1.1184,                0.87731,                0.61723,                 1.1558,                0.71236,                0.57074,                0.61641,                0.33943,                 1.5676,                 1.3095,                 1.7914,                  1.629,                 1.6613,                  1.761,               0.004984,               0.004984,               0.004984
                     79,                0.76963,                0.58154,                 1.1226,                0.87393,                0.63313,                 1.1599,                 0.7242,                0.58848,                0.61636,                0.34267,                 1.5232,                 1.3428,                 1.7176,                 1.6189,                 1.6849,                  1.716,               0.004918,               0.004918,               0.004918
                     80,                0.73988,                0.55133,                 1.1228,                0.83609,                 0.6083,                 1.1695,                0.72172,                0.60835,                0.61476,                0.33153,                 1.6272,                 1.4848,                 1.9174,                 1.6613,                 1.6988,                 1.8549,               0.004852,               0.004852,               0.004852
                     81,                0.72962,                0.55073,                  1.132,                0.84724,                0.56805,                 1.1758,                0.76364,                0.58025,                0.60008,                0.34151,                 1.5954,                  1.681,                 1.8647,                 1.6748,                  1.815,                 1.8003,               0.004786,               0.004786,               0.004786
                     82,                0.71408,                0.55086,                 1.0983,                0.82254,                0.57113,                 1.1363,                0.74136,                0.59671,                 0.6235,                0.34211,                 1.5365,                  1.442,                 1.7177,                 1.6779,                 1.6796,                 1.7519,                0.00472,                0.00472,                0.00472
                     83,                0.72025,                0.54247,                 1.0893,                0.83197,                0.55762,                 1.1348,                0.66317,                 0.5679,                  0.597,                0.32278,                 1.5852,                 1.5329,                 1.7464,                 1.6466,                 1.7125,                 1.7329,               0.004654,               0.004654,               0.004654
                     84,                0.75747,                0.56165,                 1.1012,                0.88017,                0.59296,                 1.1524,                0.74911,                0.52836,                0.58539,                  0.333,                 1.5682,                 1.4496,                 1.7661,                 1.6807,                 1.6024,                 1.7373,               0.004588,               0.004588,               0.004588
                     85,                0.72739,                0.53039,                 1.1129,                0.85114,                0.54531,                  1.154,                0.77893,                0.57613,                0.61906,                0.30961,                 1.6248,                 1.6057,                 1.8332,                 1.7444,                 1.7773,                  1.831,               0.004522,               0.004522,               0.004522
                     86,                 0.7101,                0.54406,                 1.1177,                0.82743,                0.54256,                 1.1611,                0.74096,                0.55967,                0.56741,                0.33016,                 1.5366,                 1.7017,                 1.7325,                 1.6455,                  2.045,                 1.7141,               0.004456,               0.004456,               0.004456
                     87,                0.71985,                0.54521,                 1.1043,                0.83725,                0.57949,                 1.1501,                0.74063,                0.54733,                0.57619,                0.33783,                  1.591,                 1.5155,                 1.7485,                 1.6351,                 1.9485,                 1.7485,                0.00439,                0.00439,                0.00439
                     88,                0.70627,                0.52358,                 1.0914,                0.81333,                0.52183,                 1.1264,                0.72519,                0.58436,                 0.6177,                0.34599,                 1.6437,                 1.2861,                 1.7712,                 1.7061,                  1.625,                 1.7446,               0.004324,               0.004324,               0.004324
                     89,                0.71059,                0.52598,                 1.0861,                 0.8086,                   0.54,                 1.1207,                0.72116,                0.58436,                0.58378,                0.33651,                 1.6526,                 1.3994,                 1.7853,                 1.7127,                 1.7387,                 1.7418,               0.004258,               0.004258,               0.004258
                     90,                0.71091,                0.50826,                 1.0805,                0.82594,                0.51205,                 1.1183,                0.70115,                 0.5793,                0.58784,                0.33357,                 1.6566,                 1.4334,                 1.8148,                 1.7118,                 1.7593,                 1.7832,               0.004192,               0.004192,               0.004192
                     91,                  0.683,                0.52144,                 1.0776,                0.78504,                0.53147,                 1.1229,                0.80551,                0.56244,                0.60935,                0.35553,                 1.6256,                 1.4212,                 1.7874,                  1.707,                  1.735,                 1.7526,               0.004126,               0.004126,               0.004126
                     92,                0.67038,                0.50707,                 1.0693,                0.76925,                0.54684,                 1.1075,                0.78443,                0.58025,                0.59619,                0.29672,                 1.8382,                 1.5687,                  1.959,                 1.9155,                 1.8718,                 1.9167,                0.00406,                0.00406,                0.00406
                     93,                 0.6813,                0.51125,                 1.0663,                0.79405,                 0.5452,                 1.1081,                0.77833,                0.53498,                0.60784,                0.35335,                  1.612,                 1.3372,                 1.8101,                 1.6934,                 1.7807,                 1.7804,               0.003994,               0.003994,               0.003994
                     94,                0.64941,                0.47285,                 1.0438,                 0.7575,                0.48563,                 1.0848,                0.73921,                0.53909,                0.58337,                0.33791,                 1.6803,                 1.3749,                 1.8651,                 1.7613,                 1.7655,                 1.8747,               0.003928,               0.003928,               0.003928
                     95,                0.67185,                0.51856,                  1.075,                0.76442,                0.54826,                 1.1075,                0.74947,                0.55144,                0.59676,                0.33109,                 1.7097,                 1.5087,                 1.9001,                  1.779,                 1.8884,                 1.8743,               0.003862,               0.003862,               0.003862
                     96,                 0.6376,                0.49409,                 1.0432,                0.73229,                0.50841,                 1.0788,                0.74034,                0.62963,                0.65395,                0.34343,                 1.6607,                  1.308,                 1.8326,                 1.7606,                  1.576,                 1.8232,               0.003796,               0.003796,               0.003796
                     97,                 0.6715,                0.50757,                 1.0679,                0.76913,                0.51851,                 1.1058,                0.75841,                 0.6201,                0.63784,                0.35842,                 1.6469,                 1.2654,                 1.8234,                 1.7414,                 1.5052,                 1.8213,                0.00373,                0.00373,                0.00373
                     98,                0.64637,                0.48944,                 1.0605,                0.75237,                0.51775,                 1.1013,                0.70719,                0.61728,                0.62886,                0.36211,                 1.6188,                 1.3322,                 1.8072,                 1.7204,                 1.6451,                 1.7933,               0.003664,               0.003664,               0.003664
                     99,                0.66305,                0.48523,                 1.0688,                0.76225,                0.49135,                 1.1057,                0.72299,                0.59259,                0.62038,                0.35578,                 1.5703,                 1.4184,                 1.7423,                 1.6193,                 1.7229,                 1.7303,               0.003598,               0.003598,               0.003598
                    100,                0.63453,                0.47466,                 1.0379,                0.74522,                0.52337,                 1.0823,                0.71328,                0.55144,                0.59411,                0.34186,                 1.5822,                 1.4616,                 1.7695,                 1.6695,                  1.816,                 1.7667,               0.003532,               0.003532,               0.003532
                    101,                0.68149,                0.52762,                 1.0849,                0.78904,                0.56508,                 1.1252,                0.72375,                0.57613,                0.61377,                0.32987,                 1.6284,                 1.5951,                 1.8216,                 1.6946,                 1.9895,                  1.774,               0.003466,               0.003466,               0.003466
                    102,                0.62259,                0.47162,                 1.0442,                0.71952,                0.48343,                   1.08,                0.72029,                0.57613,                0.60559,                0.33367,                 1.6027,                 1.5876,                 1.7989,                 1.6616,                 1.8133,                 1.7643,                 0.0034,                 0.0034,                 0.0034
                    103,                0.64823,                0.46921,                 1.0533,                0.74938,                0.48065,                 1.0824,                0.79534,                0.57202,                0.62039,                0.33857,                 1.6676,                 1.4484,                 1.8297,                 1.7379,                  1.716,                 1.8096,               0.003334,               0.003334,               0.003334
                    104,                0.61382,                 0.4557,                 1.0281,                0.71369,                0.45288,                  1.063,                0.79913,                 0.5679,                0.62593,                0.34729,                 1.6011,                 1.3303,                 1.7779,                 1.6816,                 1.6444,                 1.7746,               0.003268,               0.003268,               0.003268
                    105,                0.60907,                0.47851,                 1.0312,                0.72211,                0.51159,                  1.068,                0.70027,                0.59259,                0.60819,                0.33473,                 1.5682,                 1.4251,                 1.7753,                 1.6598,                 1.7289,                 1.7438,               0.003202,               0.003202,               0.003202
                    106,                0.64144,                 0.4824,                 1.0558,                0.75665,                0.50797,                 1.0964,                0.72059,                0.59434,                0.60918,                0.35016,                 1.5242,                 1.5025,                 1.7585,                 1.6363,                 1.8469,                 1.7533,               0.003136,               0.003136,               0.003136
                    107,                0.63164,                0.49148,                 1.0665,                0.73246,                0.50771,                 1.1059,                0.74036,                 0.5679,                0.59683,                0.34867,                 1.5032,                 1.4889,                 1.7954,                  1.564,                 1.9024,                 1.7497,                0.00307,                0.00307,                0.00307
                    108,                0.62717,                0.47774,                 1.0521,                0.72401,                 0.4982,                  1.087,                0.76989,                0.55073,                0.58136,                0.33769,                 1.5068,                 1.4849,                 1.7428,                 1.6896,                 1.8967,                 1.7911,               0.003004,               0.003004,               0.003004
                    109,                0.58581,                0.45623,                 1.0213,                0.68421,                 0.4546,                 1.0538,                0.73045,                0.55556,                0.57895,                0.33691,                 1.4987,                 1.5112,                 1.7467,                 1.6316,                 2.0284,                 1.7495,               0.002938,               0.002938,               0.002938
                    110,                0.63484,                0.46756,                 1.0689,                0.74024,                0.47316,                 1.1018,                0.70803,                0.58025,                0.57301,                0.33041,                 1.4992,                 1.5358,                 1.7304,                 1.6317,                 1.9856,                 1.7421,               0.002872,               0.002872,               0.002872
                    111,                0.62717,                0.46377,                 1.0323,                0.71337,                0.46174,                 1.0636,                0.71164,                0.60494,                0.59046,                0.32953,                 1.5916,                 1.4396,                 1.8261,                 1.6438,                 1.8915,                 1.8174,               0.002806,               0.002806,               0.002806
                    112,                 0.5987,                 0.4535,                 1.0254,                0.67718,                0.46111,                 1.0529,                0.75839,                0.61728,                0.62544,                0.35449,                 1.5758,                 1.3449,                 1.7672,                 1.7087,                 1.6207,                 1.7921,                0.00274,                0.00274,                0.00274
                    113,                 0.5771,                0.44714,                 1.0304,                 0.6777,                 0.4643,                 1.0658,                 0.7037,                0.63786,                0.63345,                 0.3582,                 1.5124,                 1.4729,                 1.7357,                  1.634,                 1.8445,                  1.745,               0.002674,               0.002674,               0.002674
                    114,                 0.5805,                0.43612,                 1.0382,                0.68438,                0.46119,                 1.0648,                0.72654,                0.62551,                0.63992,                0.35082,                 1.5541,                 1.3994,                 1.7852,                 1.6606,                 1.7186,                 1.7814,               0.002608,               0.002608,               0.002608
                    115,                0.59324,                0.44504,                 1.0336,                0.67757,                0.44293,                 1.0593,                0.76372,                0.60082,                0.63849,                0.35294,                 1.5663,                 1.2954,                 1.7969,                 1.6205,                 1.5783,                  1.778,               0.002542,               0.002542,               0.002542
                    116,                0.58474,                 0.4429,                 1.0166,                0.70472,                0.44339,                 1.0514,                 0.8096,                 0.5679,                0.62265,                0.34546,                 1.5857,                  1.295,                 1.8256,                 1.6032,                 1.6871,                 1.7782,               0.002476,               0.002476,               0.002476
                    117,                0.56213,                0.44393,                  1.017,                0.67412,                0.43925,                  1.054,                0.80753,                 0.5679,                0.61022,                0.34703,                 1.5979,                 1.3594,                 1.8031,                 1.6275,                 1.6765,                 1.7909,                0.00241,                0.00241,                0.00241
                    118,                 0.5558,                0.42586,                 1.0052,                0.64329,                0.41623,                 1.0307,                0.76156,                0.58848,                0.60613,                0.34254,                 1.5305,                 1.4986,                 1.7737,                 1.5961,                 1.9809,                 1.7613,               0.002344,               0.002344,               0.002344
                    119,                0.55722,                0.42617,                  1.022,                0.65438,                0.44218,                 1.0638,                0.75368,                0.61698,                0.62525,                0.34947,                 1.4907,                 1.3027,                 1.7217,                 1.6005,                 1.6765,                 1.7389,               0.002278,               0.002278,               0.002278
                    120,                0.54553,                0.39792,                  1.006,                0.62213,                0.38392,                 1.0314,                 0.8189,                0.63267,                0.64109,                0.36234,                 1.4713,                 1.2442,                 1.7014,                 1.5818,                 1.6005,                 1.7092,               0.002212,               0.002212,               0.002212
                    121,                0.56319,                0.39883,                 1.0132,                0.66009,                0.40562,                 1.0466,                0.81188,                0.62551,                0.63305,                0.35506,                  1.516,                  1.349,                 1.7366,                  1.609,                  1.616,                 1.7403,               0.002146,               0.002146,               0.002146
                    122,                0.56423,                0.41149,                 1.0061,                0.66566,                 0.4117,                 1.0416,                0.81469,                0.56379,                0.62487,                0.35458,                 1.5368,                 1.3636,                 1.7581,                 1.6254,                 1.6415,                 1.7778,                0.00208,                0.00208,                0.00208
                    123,                 0.5601,                0.41439,                 1.0021,                0.65317,                0.41886,                 1.0381,                0.77133,                0.59259,                0.62146,                0.35096,                 1.4881,                 1.3308,                  1.717,                  1.582,                 1.5713,                 1.7079,               0.002014,               0.002014,               0.002014
                    124,                0.52387,                  0.391,                 1.0108,                0.61289,                0.40165,                 1.0475,                0.76626,                0.62551,                0.63296,                0.36737,                 1.4754,                 1.3243,                 1.7112,                 1.5578,                 1.5626,                 1.7028,               0.001948,               0.001948,               0.001948
                    125,                0.54166,                0.40882,                 1.0028,                0.65003,                0.43048,                 1.0409,                0.74636,                0.58848,                0.62024,                0.36471,                 1.5094,                 1.3333,                 1.7342,                 1.6148,                 1.6377,                 1.7571,               0.001882,               0.001882,               0.001882
                    126,                0.53725,                0.40891,                 1.0056,                 0.6112,                0.41294,                 1.0293,                0.81835,                0.57613,                0.65065,                0.37287,                 1.5123,                 1.3244,                 1.7299,                 1.6064,                 1.5841,                 1.7336,               0.001816,               0.001816,               0.001816
                    127,                 0.5339,                0.41525,                 1.0134,                0.62765,                 0.4135,                  1.047,                0.80479,                0.61076,                0.65171,                0.36213,                  1.554,                 1.3627,                  1.777,                 1.6648,                 1.6627,                 1.7851,                0.00175,                0.00175,                0.00175
                    128,                0.54122,                0.40431,                  1.003,                  0.628,                0.40844,                 1.0291,                0.74919,                0.61462,                0.63355,                0.35539,                 1.5644,                 1.3562,                 1.8046,                 1.6612,                 1.7589,                 1.7952,               0.001684,               0.001684,               0.001684
                    129,                0.54304,                0.40294,                 1.0051,                0.64235,                0.39977,                 1.0431,                0.78331,                0.58018,                0.63413,                0.36188,                 1.5617,                 1.3139,                 1.8067,                 1.6549,                 1.6336,                 1.8109,               0.001618,               0.001618,               0.001618
                    130,                0.48738,                0.37325,                0.97908,                0.56027,                0.36915,                 1.0023,                0.74747,                0.62123,                0.63838,                0.37332,                 1.5435,                 1.2831,                  1.794,                 1.6227,                  1.616,                  1.798,               0.001552,               0.001552,               0.001552
                    131,                0.51817,                0.39426,                  1.008,                0.60062,                 0.3965,                 1.0325,                 0.7213,                0.62838,                0.63078,                 0.3683,                 1.5663,                 1.3292,                 1.8023,                 1.6446,                 1.6277,                 1.7828,               0.001486,               0.001486,               0.001486
                    132,                0.49953,                0.37738,                  0.986,                0.58572,                0.38859,                 1.0202,                0.71529,                0.60082,                0.63577,                0.37364,                  1.536,                 1.3006,                 1.7529,                   1.63,                 1.5895,                 1.7453,                0.00142,                0.00142,                0.00142
                    133,                0.52274,                0.39413,                0.98695,                0.58924,                0.39572,                 1.0071,                0.75078,                0.60082,                0.63995,                0.37637,                  1.527,                 1.3379,                   1.75,                 1.6015,                 1.6618,                 1.7205,               0.001354,               0.001354,               0.001354
                    134,                0.50902,                0.36809,                0.98623,                0.58982,                0.35421,                 1.0135,                0.73373,                 0.6214,                0.63822,                0.37912,                 1.5077,                 1.3833,                 1.7343,                 1.6098,                  1.675,                 1.7507,               0.001288,               0.001288,               0.001288
                    135,                0.51004,                 0.3823,                0.99193,                0.58551,                0.36932,                 1.0158,                0.73305,                0.63786,                 0.6523,                0.37627,                 1.5064,                 1.3922,                  1.736,                  1.585,                 1.6761,                 1.7238,               0.001222,               0.001222,               0.001222
                    136,                0.52747,                0.39082,                 1.0085,                 0.5989,                0.40621,                 1.0357,                0.79612,                0.61317,                0.66867,                0.37527,                  1.485,                 1.4202,                 1.7141,                 1.5628,                 1.7163,                 1.7153,               0.001156,               0.001156,               0.001156
                    137,                0.48557,                0.37486,                0.98689,                0.57278,                0.36876,                 1.0164,                0.78511,                0.61644,                0.65788,                0.36662,                  1.468,                 1.4127,                 1.7131,                  1.567,                 1.6879,                 1.7249,                0.00109,                0.00109,                0.00109
                    138,                0.48825,                0.36185,                0.97802,                0.55758,                0.33537,                 1.0028,                0.79442,                0.61728,                0.66147,                0.37376,                 1.5014,                 1.4007,                 1.7466,                 1.5968,                 1.6864,                 1.7333,               0.001024,               0.001024,               0.001024
                    139,                  0.502,                  0.367,                0.98764,                0.57594,                0.35982,                 1.0184,                0.73211,                0.62963,                0.65643,                0.37948,                 1.4907,                 1.4296,                 1.7417,                 1.5664,                 1.7741,                 1.7035,               0.000958,               0.000958,               0.000958
                    140,                0.46778,                0.34437,                 0.9647,                0.54033,                0.35372,                0.99662,                0.82281,                 0.5924,                0.63544,                0.36597,                 1.5116,                 1.4651,                 1.7565,                 1.5802,                 1.8218,                 1.7158,               0.000892,               0.000892,               0.000892
                    141,                0.38219,                0.33834,                0.89271,                0.41394,                0.31626,                0.91232,                0.74352,                0.64198,                0.63197,                0.35242,                 1.5109,                 1.4243,                 1.7818,                  1.603,                  1.795,                 1.7584,               0.000826,               0.000826,               0.000826
                    142,                0.36586,                0.25236,                0.88211,                 0.3946,                0.19195,                0.89187,                0.74769,                0.63414,                0.61391,                0.35082,                 1.5019,                 1.3973,                 1.7824,                 1.5944,                 1.8075,                 1.7485,                0.00076,                0.00076,                0.00076
                    143,                  0.361,                0.25935,                0.88596,                0.39203,                0.20213,                0.90763,                 0.7654,                0.65844,                0.64578,                0.35647,                 1.5014,                 1.3271,                 1.7882,                 1.6014,                 1.7061,                 1.7572,               0.000694,               0.000694,               0.000694
                    144,                0.34436,                0.23937,                0.86115,                0.36806,                0.17322,                0.87207,                0.77728,                0.65021,                0.65433,                0.36454,                 1.4722,                 1.3049,                 1.7607,                 1.5967,                 1.6489,                  1.755,               0.000628,               0.000628,               0.000628
                    145,                 0.3472,                 0.2431,                0.89733,                  0.368,                0.17725,                0.90729,                0.76699,                0.69084,                0.67408,                0.37582,                 1.4562,                  1.233,                 1.7496,                 1.5665,                 1.5886,                  1.725,               0.000562,               0.000562,               0.000562
                    146,                0.33672,                0.22832,                 0.8687,                0.36505,                0.17038,                0.87948,                0.79389,                0.66574,                0.68519,                0.38145,                 1.4564,                 1.2089,                 1.7443,                 1.5531,                   1.55,                 1.7277,               0.000496,               0.000496,               0.000496
                    147,                0.33644,                0.23181,                0.87716,                0.35914,                0.18202,                0.89067,                0.78646,                 0.6972,                0.68976,                0.38823,                 1.4693,                 1.1782,                 1.7491,                 1.5737,                 1.5245,                 1.7468,                0.00043,                0.00043,                0.00043
                    148,                 0.3179,                0.24166,                0.83359,                0.32785,                0.17786,                0.83719,                0.78772,                0.67901,                 0.6802,                0.38494,                 1.4765,                 1.2029,                 1.7618,                 1.5462,                 1.5895,                 1.7322,               0.000364,               0.000364,               0.000364
                    149,                0.31273,                0.21639,                0.85989,                0.33942,                0.14432,                0.86831,                0.75766,                0.67901,                0.67881,                0.38598,                 1.4882,                 1.2201,                 1.7586,                 1.5665,                 1.5961,                 1.7271,               0.000298,               0.000298,               0.000298
                    150,                0.31663,                0.22465,                0.86004,                0.33945,                0.16205,                0.87286,                0.77477,                0.68313,                0.67389,                0.38305,                 1.4889,                 1.2277,                 1.7585,                 1.5618,                 1.6021,                 1.7277,               0.000232,               0.000232,               0.000232
